id;titre_activite;description_activite;date_debut;date_fin
1;JBOD Towels;../fake-data/blob/hipster.txt;2022-06-27;2022-06-26
2;de cyan;../fake-data/blob/hipster.txt;2022-06-26;2022-06-27
3;index;../fake-data/blob/hipster.txt;2022-06-27;2022-06-27
4;Robust 24/7;../fake-data/blob/hipster.txt;2022-06-26;2022-06-26
5;e-tailers;../fake-data/blob/hipster.txt;2022-06-26;2022-06-26
6;Ball connect;../fake-data/blob/hipster.txt;2022-06-26;2022-06-27
7;Berkshire Centre Computer;../fake-data/blob/hipster.txt;2022-06-26;2022-06-26
8;Keyboard Loan;../fake-data/blob/hipster.txt;2022-06-27;2022-06-26
9;extend ÃŽle-de-France de;../fake-data/blob/hipster.txt;2022-06-27;2022-06-27
10;Bedfordshire;../fake-data/blob/hipster.txt;2022-06-26;2022-06-26
